J_N,P_1,P_2,P_3,P_4,P_5,P_6,P_7,P_8,P_9,P_10
1,29,78,9,36,49,11,62,56,44,21
2,43,90,75,11,69,28,46,46,72,30
3,91,85,39,74,90,10,12,89,45,33
4,81,95,71,99,9,52,85,98,22,43
5,14,6,22,61,26,69,21,49,72,53
6,84,2,52,95,48,72,47,65,6,25
7,46,37,61,13,32,21,32,89,30,55
8,31,86,46,74,32,88,19,48,36,79
9,76,69,76,51,85,11,40,89,26,74
10,85,13,61,7,64,76,47,52,90,45