J_N,M_1,M_2,M_3,M_4,M_5,M_6,M_7,M_8,M_9,M_10
1,1,2,3,4,5,6,7,8,9,10
2,1,3,5,10,4,2,7,6,8,9
3,2,1,4,3,9,6,8,7,10,5
4,2,3,1,5,7,9,8,4,10,6
5,3,1,2,6,4,5,9,8,10,7
6,3,2,6,4,9,10,1,7,5,8
7,2,1,4,3,7,6,10,9,8,5
8,3,1,2,6,5,7,9,10,8,4
9,1,2,4,6,3,10,7,8,5,9
10,2,1,3,7,9,10,6,4,5,8