J_N,M_1,P_1,M_2,P_2,M_3,P_3,M_4,P_4,M_5,P_5,M_6,P_6,M_7,P_7,M_8,P_8,M_9,P_9,M_10,P_10
1,1,29,2,78,3,9,4,36,5,49,6,11,7,62,8,56,9,44,10,21
2,1,43,3,90,5,75,10,11,4,69,2,28,7,46,6,46,8,72,9,30
3,2,91,1,85,4,39,3,74,9,90,6,10,8,12,7,89,10,45,5,33
4,2,81,3,95,1,71,5,99,7,9,9,52,8,85,4,98,10,22,6,43
5,3,14,1,6,2,22,6,61,4,26,5,69,9,21,8,49,10,72,7,53
6,3,84,2,2,6,52,4,95,9,48,10,72,1,47,7,65,5,6,8,25
7,2,46,1,37,4,61,3,13,7,32,6,21,10,32,9,89,8,30,5,55
8,3,31,1,86,2,46,6,74,5,32,7,88,9,19,10,48,8,36,4,79
9,1,76,2,69,4,76,6,51,3,85,10,11,7,40,8,89,5,26,9,74
10,2,85,1,13,3,61,7,7,9,64,10,76,6,47,4,52,5,90,8,45